1;9259971439703241;9259971439703241;4c053yyyyy;invalid_tweak_infirstline;false
1;6659553783183055;6659553783183055;4c05384a095665e6aa937cfd6552c8fe;valid;false
2;6659553783183055;6659553783183055;4c05384a095665e6aa937cfd6552c8fe;valid;false
3;5854312233365415;5854312233365415;4c05384a095665e6aa937cfd6552c8fea095665e6aa937cfd6552c8fe;invalid_>32;false
4;9259971439703241;9259971439703241;lllllloooooooo;inbvalid;false
5;0442407333094483;0442407333094483;4c05384a;invalid;false
6;9259971439703241;9259971439703241;;empty;false
7;0178606643725260;0178606643725260;620165ff05f63128f8d67b3ef62d46fb;GeneratefromTool;false
8;0178606643725260;0178606643725260;620165ff05f63128f8d67b3ef62d46fb;GeneratefromTool;false
9;1682594420491396;1682594420491396;adbbcb34d516b8925f8e946f499be132;GeneratefromTool;false
